title,thumbnail,link,viewcount,age
Complete ğ—–ğ—”ğ—¥ğ—•ğ—¢ğ—¡ ğ—”ğ—¡ğ—— ğ—œğ—§ğ—¦ ğ—–ğ—¢ğ— ğ—£ğ—¢ğ—¨ğ—¡ğ——ğ—¦ in 90 Minutes | Class 10th Board Exam,https://i.ytimg.com/vi/HzBhwxMrt8A/hqdefault.jpg,https://www.youtube.com/watch?v=HzBhwxMrt8A,33K views,20 hours ago
Complete ğ— ğ—˜ğ—§ğ—”ğ—Ÿğ—¦ \u0026 ğ—¡ğ—¢ğ—¡ ğ— ğ—˜ğ—§ğ—”ğ—Ÿğ—¦  in 120 Minutes | Class 10th Board Exam,https://i.ytimg.com/vi/60_B3haKADw/hqdefault.jpg,https://www.youtube.com/watch?v=60_B3haKADw,19K views,20 hours ago
"Complete ğ—”ğ—–ğ—œğ——, ğ—•ğ—”ğ—¦ğ—˜ğ—¦ ğ—”ğ—¡ğ—— ğ—¦ğ—”ğ—Ÿğ—§ in 110 Minutes | Class 10th Board Exam",https://i.ytimg.com/vi/46CNHP9wBAs/hqdefault.jpg,https://www.youtube.com/watch?v=46CNHP9wBAs,16K views,1 day ago
Complete ğ—–ğ—›ğ—˜ğ— ğ—œğ—–ğ—”ğ—Ÿ ğ—¥ğ—˜ğ—”ğ—–ğ—§ğ—œğ—¢ğ—¡  in 90 Minutes | Class 10th Board Exam,https://i.ytimg.com/vi/1Wk5gJtZ2sQ/hqdefault.jpg,https://www.youtube.com/watch?v=1Wk5gJtZ2sQ,24K views,1 day ago
Complete ğ‡ğ„ğ‘ğ„ğƒğˆğ“ğ˜ ğ€ğğƒ ğ„ğ•ğğ‹ğ”ğ“ğˆğğ in 2 Hours|| Class 10th Board Exam,https://i.ytimg.com/vi/iM_hVnElC-Q/hqdefault.jpg,https://www.youtube.com/watch?v=iM_hVnElC-Q,56K views,1 day ago
Complete ğ—›ğ—¢ğ—ª ğ——ğ—¢ ğ—¢ğ—¥ğ—šğ—”ğ—¡ğ—œğ—¦ğ— ğ—¦ ğ—¥ğ—˜ğ—£ğ—¥ğ—¢ğ——ğ—¨ğ—–ğ—˜ in 1 Hours 50 Minutes|| Class 10th Board Exam,https://i.ytimg.com/vi/Prly9d7LoAQ/hqdefault.jpg,https://www.youtube.com/watch?v=Prly9d7LoAQ,25K views,1 day ago
Complete ğ—¢ğ—¨ğ—¥ ğ—˜ğ—¡ğ—©ğ—œğ—¥ğ—¢ğ—¡ğ— ğ—˜ğ—¡ğ—§ in 1 Hour 30 Minutes | Class 10th Board Exam,https://i.ytimg.com/vi/AvwBDiCWSEM/hqdefault.jpg,https://www.youtube.com/watch?v=AvwBDiCWSEM,42K views,1 day ago
Complete ğ—–ğ—¼ğ—»ğ˜ğ—¿ğ—¼ğ—¹ ğ—®ğ—»ğ—± ğ—–ğ—¼ğ—¼ğ—¿ğ—±ğ—¶ğ—»ğ—®ğ˜ğ—¶ğ—¼ğ—» in 1 Hours 50 Minutes | Class 10th Board Exam,https://i.ytimg.com/vi/jQzKkMEaWFA/hqdefault.jpg,https://www.youtube.com/watch?v=jQzKkMEaWFA,31K views,1 day ago
Complete ğ—Ÿğ—¶ğ—³ğ—² ğ—£ğ—¿ğ—¼ğ—°ğ—²ğ˜€ğ˜€ğ—²ğ˜€ in 2 Hours 58 Minutes | Class 10th Board Exam,https://i.ytimg.com/vi/6weIshsiLlM/hqdefault.jpg,https://www.youtube.com/watch?v=6weIshsiLlM,64K views,1 day ago
Complete ğ— ğ—®ğ—´ğ—»ğ—²ğ˜ğ—¶ğ—° ğ—˜ğ—³ğ—³ğ—²ğ—°ğ˜ ğ—¼ğ—³ ğ—˜ğ—¹ğ—²ğ—°ğ˜ğ—¿ğ—¶ğ—° ğ—–ğ˜‚ğ—¿ğ—¿ğ—²ğ—»ğ˜ in 2 Hours 15 Minutes | Class 10th Board Exam,https://i.ytimg.com/vi/-osuIPJkPWg/hqdefault.jpg,https://www.youtube.com/watch?v=-osuIPJkPWg,49K views,2 days ago
